Name,Namex
jmeter333,jmeter
docker,docker
grafana,grafana
admin,admin
Test11,jmeter
NewTest,docker
Slave,grafana
Master,admin
jmeter333,jmeter
docker,docker
grafana,grafana
admin,admin
Test11,jmeter
NewTest,docker
Slave,grafana
Master,admin
jmeter333,jmeter
docker,docker
grafana,grafana
admin,admin
Test11,jmeter
NewTest,docker
Slave,grafana
Master,admin
jmeter333,jmeter
docker,docker
grafana,grafana
admin,admin
Test11,jmeter
NewTest,docker
Slave,grafana
Master,admin
Master,admin
jmeter333,jmeter
docker,docker
grafana,grafana
admin,admin
Test11,jmeter
NewTest,docker
Slave,grafana
Master,admin
jmeter333,jmeter
docker,docker
grafana,grafana
admin,admin
Test11,jmeter
NewTest,docker
Slave,grafana
Master,admin
Master,admin
jmeter333,jmeter
docker,docker
grafana,grafana
admin,admin
Test11,jmeter
NewTest,docker
Slave,grafana
Master,admin
jmeter333,jmeter
docker,docker
grafana,grafana
admin,adminMaster,admin
jmeter333,jmeter
docker,docker
grafana,grafana
admin,admin
Test11,jmeter
NewTest,docker
Slave,grafana
Master,admin
jmeter333,jmeter
docker,docker
grafana,grafana
admin,admin
Test11,jmeter
NewTest,docker
Slave,grafana
Master,admin
grafana,grafana
admin,admin
Test11,jmeter
NewTest,docker
Slave,grafana
Master,admin
jmeter333,jmeter
docker,docker
grafana,grafana
admin,admin
Test11,jmeter
NewTest,docker
Slave,grafana
Master,admin
Master,admin
jmeter333,jmeter
docker,docker
grafana,grafana
admin,admin
Test11,jmeter
NewTest,docker
Slave,grafana
Master,admin
jmeter333,jmeter
docker,docker
grafana,grafana
admin,admin
Test11,jmeter
NewTest,docker
Slave,grafana
Master,admin
Master,admin
jmeter333,jmeter
docker,docker
grafana,grafana
admin,admin
Test11,jmeter
NewTest,docker
Slave,grafana
Master,admin
jmeter333,jmeter
docker,docker
grafana,grafana
admin,admin
Test11,jmeter
NewTest,docker
Slave,grafana
Master,admin
Master,admin
jmeter333,jmeter
docker,docker
grafana,grafana
admin,admin
Test11,jmeter
NewTest,docker
Slave,grafana
Master,admin
jmeter333,jmeter
docker,docker
grafana,grafana
admin,admin
Test11,jmeter
NewTest,docker
Slave,grafana
Master,admin